{
   "\nSenior Project Manager\n":"/senior-project-manager-12/",
   "\nHead of USA Recruitment\n":"/head-of-usa-recruitment/",
   "\nSystem Administrator\n":"/system-administrator-66/",
   "\nProgram Manager (M-RED)\n":"/program-manager-m-red/",
   "\nAssistant Manager\n":"/assistant-manager-108/",
   "\nAssociate Software Engineer (Ja\u2026\n":"/associate-software-engineer-java/",
   "\nSeller Performance Manager\n":"/performance-manager/",
   "\nKey Account Manager\n":"/vendor-manager-12/",
   "\nSenior Officer- Human Resource\n":"/senior-officer-human-resource-2/",
   "\nLower Secondary / Secondary Lev\u2026\n":"/lower-secondary-secondary-level-teachers/",
   "\nChartered Accountant (Semi Qual\u2026\n":"/chartered-accountant-60/",
   "\nB.Sc. IT Lecturer\n":"/bsc-it-lecturer/",
   "\nWeb / WordPress Developer\n":"/webwordpress-developer-3/",
   "\nProject Coordinator\n":"/project-coordinator-215/",
   "\nQA Engineer\n":"/qa-engineer-51/",
   "\nSenior QA Engineer\n":"/senior-qa-engineer-21/",
   "\nCompliance Manager\n":"/compliance-manager-2/",
   "\nFrontend Developer\n":"/frontend-developer-103/",
   "\nSenior Business Analyst\n":"/senior-business-analyst/",
   "\nOperations Manager\n":"/operations-manager-70/",
   "\nMonitoring and Evaluation Coord\u2026\n":"/monitoring-and-evaluation-coordinator-3/",
   "\nContent Creator\n":"/content-writer-287/",
   "\nReact Developer\n":"/react-developer-28/",
   "\nHandicraft Factory Manager\n":"/handicraft-factory-manager/",
   "\nMerchandiser\n":"/merchandiser-18/",
   "\nPerformance Manager (Operation)\n":"/performance-manager-operation/",
   "\nSenior Dot Net Developer\n":"/senior-dot-net-developer-17/",
   "\nSenior Quality Assurance Engine\u2026\n":"/senior-quality-assurance-engineer-14/",
   "\nPerformance Test Engineer\n":"/performance-test-engineer/",
   "\nSenior MS-SQL Developer\n":"/senior-ms-sql-developer-7/",
   "\nSales Executive/ Senior Sales E\u2026\n":"/sales-executive-senior-sales-executive-2/",
   "\nSenior Correspondent\n":"/senior-correspondent-2/",
   "\nAccounts and Admin. Assistant\n":"/accounts-and-admin-assistant-4/",
   "\nSoftware Engineer\n":"/software-engineer-127/",
   "\nJunior Admin Officer\n":"/junior-admin-officer-6/",
   "\nManager\n":"/manager-351/",
   "\nSoftware Quality Analyst\n":"/software-quality-analyst-14/",
   "\nApplication Support Engineer\n":"/application-support-engineer-5/",
   "\nTechnical Officer\n":"/technical-officer-49/",
   "\nProduction Manager\n":"/production-manager-83/",
   "\nSales Officer\n":"/sales-officer-589/",
   "\nAccount Officer\n":"/account-officer-435/",
   "\nFull Stack Developer\n":"/full-stack-developer-72/",
   "\nPsychologist\n":"/psychologist-12/",
   "\nCorporate Sales Manager - Media\u2026\n ":"/corporate-sales-manager-media-sales-senior-junior/",
   "\nCoordinator \u2013 Gender Justice an\u2026\n":"/coordinator-gender-justice-and-health-and-education-rights/",
   "\nCatalog and Search Performance \u2026\n":"/catalog-and-search-performance-associate/",
   "\nSales Representatives\n":"/sales-representatives-10/",
   "\nSite Supervisor\n":"/site-supervisor-50/",
   "\nGraphic Designer\n":"/graphic-designer-847/",
   "\nSenior Software Engineer\n":"/senior-software-engineer-58/",
   "\nMarketing / IT Officer\n":"/marketing-officer-1093/",
   "\nJr. UGC Moderator\n":"/jr-ugc-moderator/",
   "\nVideographer\n":"/videographer-9/",
   "\nProject Manager\n":"/project-manager-436/",
   "\nSeller Compliance Associate\n":"/seller-compliance-associate-2/",
   "\nTeam Lead Incubation\n":"/team-lead-incubation-3/",
   "\nGrowth Executive\n":"/growth-executive-2/",
   "\nSr.Software Engineer\n":"/srsoftware-engineer-4/",
   "\nSr. React Developer\n":"/sr-react-developer-4/",
   "\nIT Sales and Marketing Speciali\u2026\n":"/it-sales-and-marketing-specialist-2/",
   "\nFuture Leaders Development Prog\u2026\n":"/management-trainee-110/",
   "\nHR Manager\n":"/hr-manager-169/",
   "\nJava Developer (Account Managem\u2026\n":"/java-developer-account-management-programmer-2/",
   "\nFinance Officer\n":"/finance-officer-268/",
   "\nSEO Specialist\n":"/seo-specialist-53/",
   "\nCardiologist\n":"/cardiologist-8/",
   "\nNeuro Surgeon\n":"/neuro-surgeon-3/",
   "\nUro Surgeon\n":"/uro-surgeon-2/",
   "\nDermatologist\n":"/dermatologist-5/",
   "\nRadiologist\n":"/radiologist-17/",
   "\nPsychiatrist\n":"/psychiatrist-4/",
   "\nPhysiotherapist\n":"/physiotherapist-23/",
   "\nRadio- Technologist\n":"/radio-technologist-4/",
   "\nMatron\n":"/matron-26/",
   "\nStaff Nurse\n":"/staff-nurse-173/",
   "\nPharmacist\n":"/pharmacist-81/",
   "\nA. Pharmacist\n":"/a-pharmacist/",
   "\nHospital Administrator\n":"/hospital-administrator-6/",
   "\nQuality Control/Marketing/Publi\u2026\n":"/quality-controlmarketingpublic-relation-officer/",
   "\nHousekeeping Incharge\n":"/housekeeping-incharge-2/",
   "\nRemote iOS Developer\n":"/ios-developer-113/",
   "\nHuman Resource Manager\n":"/human-resource-manager-117/",
   "\nLoan Processing Assistant\n":"/loan-processing-assistant-for-mortgage-brokers-in-australia/",
   "\nMarketing Officer- BTL\n":"/marketing-officer-btl/",
   "\nBusiness Development Officer\n":"/business-development-officer-464/",
   "\nAssistant Product Manager-Two-W\u2026\n":"/assistant-product-manager-two-wheeler-3/",
   "\nSenior Social Media Manager\n":"/senior-social-media-manager/",
   "\nRegional Officer \u2013 Sales\n":"/regional-officer-sales-3/",
   "\nMarketing Solution Manager\n":"/marketing-solution-manager/",
   "\nTravel Consultant\n":"/travel-consultant-14/",
   "\nCategory Head - Women's Fashion\n":"/category-head-womens-fashion-2/",
   "\nSenior Strategy & Planning Anal\u2026\n":"/senior-strategy-planning-analyst/",
   "\nHead of FMCG\n":"/head-of-fmcg-2/",
   "\nDigital Marketing Specialist\n":"/digital-marketing-specialist-32/",
   "\nSocial Media Manager\n":"/social-media-manager-reposting/",
   "\nPHP Developer\n":"/php-developer-300/",
   "\nFull Stack Java Developer\n":"/full-stack-java-developer-14/",
   "\nFull Stack Dot Net Developer\n":"/full-stack-dot-net-developer-3/",
   "\nPython Developer\n":"/full-stack-python-developer-2/",
   "\nAssociate Project Manager\n":"/associate-project-manager-4/",
   "\nReact Native Engineer (Associat\u2026\n":"/react-native-developer-37/",
   "\nFrontend Engineer (Associate/Mi\u2026\n":"/frontend-engineer-12/",
   "\nRegional Safeguarding Advisor \u2013\u2026\n":"/regional-safeguarding-advisor-asia/",
   "\nCustomer Executive \u2013 Sales\n":"/customer-executive-sales-6/",
   "\nData Engineer\n":"/data-engineer-16/",
   "\nCustomer Service Executive\n":"/customer-service-executive-38/",
   "\nCo-Team Leader\n":"/co-team-leader/",
   "\nIT Programme Manager- SIS\n":"/it-programme-manager-sis/",
   "\nSenior PHP Developer\n":"/senior-php-developer-111/",
   "\nAnimator\n":"/animator-7/",
   "\nSenior .NET Developer\n":"/senior-net-developer-57/",
   "\nSecondary EAL Learning Support\n":"/secondary-eal-learning-support-2/",
   "\nWeb Content Writer (+Editor)\n":"/web-content-writer-editor-6/",
   "\nSr. QA Engineer\n":"/sr-qa-engineer-7/",
   "\nSr. Software Developers\n":"/sr-software-developer-java/",
   "\nOperations Coordinator\n":"/operations-coordinator-3/",
   "\nDatabase\u202f Administrator\n":"/database-administrator-27/",
   "\nETL Developer / Data Engineer\n":"/etl-developer-data-engineer-2/",
   "\nData QA Engineer\n":"/data-qa-engineer-3/",
   "\nLinux / Database Admin\n":"/nosql-database-administrator/",
   "\nOffice Assistant\n":"/office-assistant-431/",
   "\nCustomer Care Specialist\n":"/customer-care-specialist-2/",
   "\nDigital Marketing Associate\n":"/digital-marketing-associate-17/",
   "\nSenior DevOps Engineer\n":"/senior-devops-engineer-9/",
   "\nIT Network and Security Manager\n":"/it-network-and-security-manager/",
   "\nWeb (front-end) Developer\n":"/web-developer-371/",
   "\nFinancial Reporting Officer\n":"/account-officer-437/",
   "\nBusiness Development Executive\n":"/business-development-executive-192/",
   "\nDatabase Administrator\n":"/database-administrator-29/",
   "\nDevOps Engineer\n":"/devops-engineer-28/",
   "\nSenior Software Engineer - Java\n":"/senior-software-engineer-java-9/",
   "\nStrategy Officer\n":"/strategy-officer/",
   "\nSupport Engineer\n":"/support-engineer-20/",
   "\nBusiness Analyst\n":"/business-analyst-71/",
   "\nContent Writer\n":"/content-writer-337/",
   "\nSoftware Developer\n":"/software-developer-141/",
   "\nSr. WordPress Developer\n":"/sr-wordpress-developer-11/",
   "\nGreen Advocates\n":"/green-advocates/",
   "\nHLE Cares- Project Officer (PO)\n":"/hle-cares-project-officer-po/",
   "\nFinance Head\n":"/finance-head-19/",
   "\nHR Officer\n":"/hr-officer-210/",
   "\nCustomer Care Assistant\n":"/insurance-specialist-13/",
   "\nAccountant\n":"/accountant-2128/",
   "\nSales & Marketing Officer\n":"/sales-marketing-officer-82/",
   "\nMarketing Executive\n":"/marketing-executive-953/",
   "\nCustomer Experience Associate\n":"/customer-experience-associate/",
   "\nBrand Manager\n":"/brand-manager-61/",
   "\nAssociate Sales Officer\n":"/associate-sales-officer-16/",
   "\nPrimary Level Nepali Teacher\n":"/primary-level-nepali-teacher-5/",
   "\nLower Secondary Maths Teacher\n":"/lower-secondary-maths-teacher-14/",
   "\nAcademic Resource Person\n":"/academic-resource-person-2/",
   "\nASP.NET Developers\n":"/aspnet-developers-15/",
   "\nChief of Party (CoP)\n":"/chief-of-party-cop-9/",
   "\nFinance and Admin Officer\n":"/finance-and-admin-associate-4/",
   "\nPrimavera Scheduler\n":"/primavera-scheduler-2/",
   "\nSafety Officer\n":"/safety-officer-8/",
   "\nSite Engineer\n":"/site-engineer-99/",
   "\nContracts Manager\n":"/contracts-manager-2/",
   "\nCivil Designer\n":"/civil-design-manager/",
   "\nAdministrative/ Procurement Off\u2026\n":"/administrative-procurement-officer/",
   "\nQuality Control Engineer\n":"/quality-control-engineer-28/",
   "\nDigital Marketing Consultant\n":"/digital-marketing-consultant-2/",
   "\nSearch Engine Optimisation (SEO\u2026\n":"/search-engine-optimisation-seo-expert/",
   "\nQuality Assurance Engineer\n":"/quality-assurance-engineer-36/",
   "\nLead Software Engineer\n":"/lead-software-engineer-7/",
   "\nAdmin Officer\n":"/administration-5/",
   "\nBilling Officer\n":"/billing-head-2/",
   "\nPublic Relation Officer\n":"/public-relation-officer-111/",
   "\nChief Technical Officer\n":"/chief-technical-officer-5/",
   "\nAPI and Web Developer (.net MVC)\n":"/api-and-web-developer-net-mvc-2/",
   "\nDatabase & Support Executive\n":"/database-support-executive-2/",
   "\nAndroid Developer\n":"/android-developer-183/",
   "\niOS developer\n":"/ios-developer-120/",
   "\nSenior iOS Developer\n":"/senior-ios-developer-24/",
   "\nEducation Counselor\n":"/education-counselor-79/",
   "\nGrowth Manager/Marketing Manager\n":"/growth-managermarketing-manager/",
   "\nMaintenance Worker\n":"/maintenance-worker-2/",
   "\nSocial Media Handler\n":"/social-media-handler-5/",
   "\nCounselor\n":"/counselor-360/",
   "\nTicketing Executive\n":"/ticketing-executive-11/",
   "\nDocumentation / Computer Officer\n":"/documentation-computer-officer/",
   "\nOffice Driver\n":"/office-driver-8/",
   "\nTrainer\n":"/trainer-20/",
   "\nKitchen Supervisor / Sous Chef\n":"/kitchen-supervisor-4/",
   "\niOS Developer\n ":"/ios-developer-119/",
   "\nLaravel- PHP Developer\n":"/laravel-php-developer-2/",
   "\nArchitect\n":"/architect-364/",
   "\nJunior Officer - HR & Admin\n":"/junior-officer-hr-admin/",
   "\nProgram Associate\n":"/program-associate-18/",
   "\nSocial Studies - Secondary Leve\u2026\n":"/secondary-level-social-studies-teacher-12/",
   "\nAbroad Study Counsellor\n":"/abroad-study-counsellor-2/",
   "\nAccount Assistant\n":"/account-assistant-199/",
   "\nJava Developer\n":"/java-developer-141/",
   "\nProduct Manager\n":"/product-manager-44/",
   "\nGrade Teacher (Primary Level)\n":"/grade-teacher-primary-level-12/",
   "\nIT Backend Officer\n":"/it-backend-officer/",
   "\nFood Technologist ( CHEMIST )\n":"/food-technologist-chemist/",
   "\nBoiler Section Operator\n":"/boiler-section-operator/",
   "\nLesithin Section Operator\n":"/lesithin-section-operator/",
   "\nETP Section Operator\n":"/etp-section-operator/",
   "\nElectrical Engineer\n":"/electrical-engineer-126/",
   "\nDispatch Manager\n":"/dispatch-manager-6/",
   "\nHR Head\n":"/hr-head-7/",
   "\nIT Officer\n":"/it-officer-414/",
   "\nAcid Oil Section Operator\n":"/acid-oil-section-operator/",
   "\nShort Mix Section Operator\n":"/short-mix-section-operator/",
   "\nDO and Bleacher Operator\n":"/do-and-bleacher-operator/",
   "\nSoftware Developer: Senior/Inte\u2026\n":"/software-developer-seniorintermediate-3/",
   "\nField Coordinator\n":"/field-coordinator-16/",
   "\nSoftware Developer (PHP)\n":"/software-developer-php-9/",
   "\nOperation Assistant\n":"/operation-assistant-18/",
   "\nBusiness Development Manager\n":"/business-development-manager-283/",
   "\nAccounts Executive\n":"/accounts-executive-39/",
   "\nCivil Engineer\n":"/civil-engineer-490/",
   "\nStore cum Admin Assistant\n":"/store-cum-admin-assistant-2/",
   "\nExecutive Secretary\n":"/executive-secretary-129/",
   "\nProduction Floor Supervisor\n":"/production-floor-supervisor/",
   "\nSales and Marketing Officer\n":"/sales-and-marketing-officer-147/",
   "\nSystem Administrator (Officer)\n":"/system-administration-3/",
   "\nReceptionist cum Front Office I\u2026\n":"/receptionist-1436/",
   "\nDocumentation cum MOFA\n":"/documentation-cum-mofa/",
   "\nCall Centre Sales Executive\n":"/call-centre-sales-executive/",
   "\nExecutive Assistance\n":"/executive-assistance/",
   "\nUI/UX Designer\n":"/uiux-designer-69/",
   "\nWebsite SEO Auditor\n":"/website-seo-auditor/",
   "\nCredit Analyst - Outsourcing\n":"/credit-analyst-outsourcing-2/",
   "\nAutomobile/Mechanical Engineer\n":"/automobilemechanical-engineer/",
   "\nManagement Trainee (Sales)\n":"/management-trainee-sales/",
   "\nFull-stack Developer\n":"/full-stack-developer-71/",
   "\nCompany Secretary\n":"/company-secretary-18/",
   "\nShowroom Manager/Cashier\n":"/showroom-managercashier-2/",
   "\nEditor\n":"/editor-20/",
   "\nWeb Developer\n":"/software-developer-140/",
   "\nSoftware Engineer (Java)\n":"/software-engineer-81/",
   "\nLoan Processing Specialist - Ou\u2026\n":"/loan-processing-specialist-outsourcing-9/",
   "\nSenior Devops Engineer\n":"/senior-devops-engineer-8/",
   "\nChief of Staff\n":"/chief-of-staff/",
   "\nPersonal Secretary to CEO\n":"/personal-secretary-to-ceo/",
   "\nDigital Marketing Manager\n":"/digital-marketing-manager-65/",
   "\nMarketing Manager\n":"/marketing-manager-643/",
   "\nExecutive Assistant\n":"/executive-assistant-66/",
   "\nStrategic Communications Officer\n":"/strategic-communications-officer/",
   "\nLoan Processing Specialist (LPS)\n":"/loan-processing-specialist-lps-13/",
   "\nOperation Manager\n":"/operation-manager-138/",
   "\nSales & Marketing Manager/Offic\u2026\n":"/sales-marketing-managerofficer/",
   "\nQuality Analyst\n":"/quality-analyst-51/",
   "\nNode.js Developer\n":"/nodejs-developer-42/",
   "\nSecondary Science Teacher\n":"/secondary-science-teacher-21/",
   "\nSecondary Math Teacher\n":"/secondary-math-teacher-9/",
   "\nAccountant- Assistant\n":"/accountant-assistant-16/",
   "\nBiomedical Engineer/ Electronic\u2026\n":"/biomedical-engineer-electronic-engineer/",
   "\nBiomedical Technician\n":"/biomedical-technician-7/",
   "\nSales Support Specialist\n":"/sales-support-specialist-3/",
   "\nSenior WordPress Programmer\n":"/senior-wordpress-programmer-11/",
   "\nSales Executive\n":"/sales-executive-642/",
   "\nSub-Engineer\n":"/sub-engineer-58/",
   "\nAutocad Drafter\n":"/surveyor-72/",
   "\nAdmin and Marketing Officer\n":"/admin-and-marketing-2/",
   "\nFreelance Content Writer\n":"/freelance-content-writer-17/",
   "\nMart Manager\n":"/mart-manager-3/",
   "\nSales Boy/Girl\n":"/sales-boygirl-6/",
   "\nDot Net Developer\n":"/dot-net-developer-73/",
   "\nBartender\n":"/bartender-50/",
   "\nWaiter/Waitress\n":"/waiterwaitress-71/",
   "\nFiber Technician\n":"/fiber-technician-14/",
   "\nAssistant Manager/ Business Dev\u2026\n":"/assistant-manager-business-development-officer/",
   "\nIT Assistant\n":"/it-assistant-78/",
   "\nDatabase Engineer-Services (Nig\u2026\n":"/database-engineer-service-night-shift/",
   "\nDatabase Engineer-Migration Spe\u2026\n":"/database-engineer-migration-specialist/",
   "\nManager/Officer-Sales & Marketi\u2026\n":"/managerofficer-sales-marketing/",
   "\nManager/Officer -Accounts and F\u2026\n":"/managerofficer-accounts-and-finance/",
   "\nOfficer /Junior Officer-Tele an\u2026\n":"/officer-junior-officer-tele-and-digital-marketing/",
   "\nChief Marketing Officer\n":"/marketing-executive-951/",
   "\nWordPress Developers\n":"/wordpress-developers-9/",
   "\nPaid Interns (WordPress /Conten\u2026\n":"/paid-interns-wordpress-content-writing/",
   "\nAPI Integrations Engineer\n":"/api-integrations-engineer-2/",
   "\nFront End Engineer\n":"/front-end-engineer-6/",
   "\nData Entry Operator\n":"/data-entry-operator-40/",
   "\nMarketing Assitant\n":"/marketing-assitant-3/",
   "\nSales & Marketing Internship\n":"/sales-marketing-internship/",
   "\nCreative Graphic Designer\n":"/creative-graphic-designer-17/",
   "\nDigital Marketing Officer\n":"/digital-marketing-officer-73/",
   "\nKitchen Helper\n":"/kitchen-helper-31/",
   "\n Accountant\n":"/accountant-2123/",
   "\nStore Manager\n":"/store-manager-34/",
   "\nSales Associate\n":"/sales-associate-27/",
   "\nGraphics Designer\n":"/graphics-designer-130/",
   "\nAssistant Manager/ Deputy Manag\u2026\n":"/assistant-manager-deputy-managermarketing/",
   "\nSenior Marketing Officer/Market\u2026\n":"/senior-marketing-officermarketing-officersenior-development-officer-marketing/",
   "\nDevelopment Officer/Deputy Deve\u2026\n":"/development-officerdeputy-development-officer-trainee-development-officermarketing/",
   "\nOfficer Level (Reinsurance)\n":"/officer-levelreinsurance/",
   "\nChief Digital Officer\n":"/chief-digital-officer-2/",
   "\nProvince Head\n":"/province-head-3/",
   "\nOperations Officer\n":"/operations-officer-15/",
   "\nOfficer - Services and Innovati\u2026\n":"/officer-services-and-innovation/",
   "\nOphthalmologist\n":"/ophthalmologist-26/",
   "\nRelationship Managers (Few)\n":"/relationship-managers-5/",
   "\nBranch Managers ( Few)\n":"/branch-managers-few-8/"
}